{
  "metadata": {
    "source_of_truth": "server@GPU1:/home/server/code/git/TabICLv2-test",
    "no_prior_root": "outputs/5.4-tabpfn-10k-8traits",
    "fusion_root": "outputs/5.4-tabpfn-10k-8traits-fusion",
    "baseline_root": "outputs/5.4-duli-liudang/baseline_3models",
    "model_family": "TabPFN",
    "requested_marker_count": 10000,
    "trait_count": 8,
    "note": "This local summary table is aggregated from the formal GPU1 outputs."
  },
  "rows": [
    {
      "dataset": "cotton1245",
      "trait": "cotton_fibelo_17_18_cotton_fibelo_17_18",
      "no_prior_tabpfn": 0.6141171802382908,
      "BayesB": 0.6595304655499581,
      "GBLUP": 0.646071941795476,
      "RKHS": 0.648465806475645,
      "only_triple_fusion": 0.6575647072501367,
      "triple_fusion": 0.6596556399414164,
      "best_baseline": 0.6595304655499581,
      "best_baseline_type": "BayesB",
      "only_vs_BayesB_pct": -0.2980542071217591,
      "only_vs_GBLUP_pct": 1.778867756231848,
      "only_vs_RKHS_pct": 1.4031427229669124,
      "triple_vs_BayesB_pct": 0.018979319075721177,
      "triple_vs_GBLUP_pct": 2.10250550553092,
      "triple_vs_RKHS_pct": 1.7255857369854504,
      "triple_vs_best_baseline_pct": 0.018979319075721177,
      "triple_vs_only_triple_pct": 0.3179812827886917
    },
    {
      "dataset": "cotton1245",
      "trait": "cotton_fiblen_17_18_cotton_fiblen_17_18",
      "no_prior_tabpfn": 0.7534161256361689,
      "BayesB": 0.7558951617688524,
      "GBLUP": 0.7419842403264798,
      "RKHS": 0.7496275878175716,
      "only_triple_fusion": 0.759257809496712,
      "triple_fusion": 0.774825078419277,
      "best_baseline": 0.7558951617688524,
      "best_baseline_type": "BayesB",
      "only_vs_BayesB_pct": 0.44485636341297574,
      "only_vs_GBLUP_pct": 2.328023727651092,
      "only_vs_RKHS_pct": 1.284667458301175,
      "triple_vs_BayesB_pct": 2.504304513092409,
      "triple_vs_GBLUP_pct": 4.426082968870993,
      "triple_vs_RKHS_pct": 3.361334482774856,
      "triple_vs_best_baseline_pct": 2.504304513092409,
      "triple_vs_only_triple_pct": 2.0503271389311153
    },
    {
      "dataset": "rice529",
      "trait": "grain_weight",
      "no_prior_tabpfn": 0.5293470007808685,
      "BayesB": 0.5618842313208047,
      "GBLUP": 0.5553552985858479,
      "RKHS": 0.5563503061347376,
      "only_triple_fusion": 0.564369635051785,
      "triple_fusion": 0.5654853141268418,
      "best_baseline": 0.5618842313208047,
      "best_baseline_type": "BayesB",
      "only_vs_BayesB_pct": 0.4423337749019773,
      "only_vs_GBLUP_pct": 1.6231656542921458,
      "only_vs_RKHS_pct": 1.4414171842129344,
      "triple_vs_BayesB_pct": 0.6408940855257932,
      "triple_vs_GBLUP_pct": 1.824060302798748,
      "triple_vs_RKHS_pct": 1.6419525416585066,
      "triple_vs_best_baseline_pct": 0.6408940855257932,
      "triple_vs_only_triple_pct": 0.19768587921185
    },
    {
      "dataset": "rice529",
      "trait": "grain_width",
      "no_prior_tabpfn": 0.8089051709203823,
      "BayesB": 0.8361757046060854,
      "GBLUP": 0.8275337207776243,
      "RKHS": 0.8231585449543589,
      "only_triple_fusion": 0.8356711879943596,
      "triple_fusion": 0.83123861112437,
      "best_baseline": 0.8361757046060854,
      "best_baseline_type": "BayesB",
      "only_vs_BayesB_pct": -0.060336195962960276,
      "only_vs_GBLUP_pct": 0.9833396528045482,
      "only_vs_RKHS_pct": 1.5200769179519893,
      "triple_vs_BayesB_pct": -0.5904373272889047,
      "triple_vs_GBLUP_pct": 0.44770264385894265,
      "triple_vs_RKHS_pct": 0.9815929409393572,
      "triple_vs_best_baseline_pct": -0.5904373272889047,
      "triple_vs_only_triple_pct": -0.5304211672808641
    },
    {
      "dataset": "soybean951",
      "trait": "bbd_beijing_2013_bbd_beijing_2013",
      "no_prior_tabpfn": 0.7875945626674724,
      "BayesB": 0.8209726382027954,
      "GBLUP": 0.8110292283597659,
      "RKHS": 0.8112954639228436,
      "only_triple_fusion": 0.8185381205298861,
      "triple_fusion": 0.8158341538248622,
      "best_baseline": 0.8209726382027954,
      "best_baseline_type": "BayesB",
      "only_vs_BayesB_pct": -0.2965406591672539,
      "only_vs_GBLUP_pct": 0.9258472947154135,
      "only_vs_RKHS_pct": 0.8927273637180452,
      "triple_vs_BayesB_pct": -0.6259020263064946,
      "triple_vs_GBLUP_pct": 0.5924478794449737,
      "triple_vs_RKHS_pct": 0.5594373571464105,
      "triple_vs_best_baseline_pct": -0.6259020263064946,
      "triple_vs_only_triple_pct": -0.33034096240666083
    },
    {
      "dataset": "soybean951",
      "trait": "lw_beijing_2013_lw_beijing_2013",
      "no_prior_tabpfn": 0.542807374718518,
      "BayesB": 0.5470655817574893,
      "GBLUP": 0.5259177969093123,
      "RKHS": 0.5318117511192463,
      "only_triple_fusion": 0.5423223534305761,
      "triple_fusion": 0.5689559337444903,
      "best_baseline": 0.5470655817574893,
      "best_baseline_type": "BayesB",
      "only_vs_BayesB_pct": -0.8670310260929283,
      "only_vs_GBLUP_pct": 3.1192244525036634,
      "only_vs_RKHS_pct": 1.9763764695325574,
      "triple_vs_BayesB_pct": 4.001412758718352,
      "triple_vs_GBLUP_pct": 8.183434196009792,
      "triple_vs_RKHS_pct": 6.984460675618896,
      "triple_vs_best_baseline_pct": 4.001412758718352,
      "triple_vs_only_triple_pct": 4.911023885598252
    },
    {
      "dataset": "wheat406",
      "trait": "sl_e1",
      "no_prior_tabpfn": 0.3790542884747601,
      "BayesB": 0.45394045930602756,
      "GBLUP": 0.4487348730308792,
      "RKHS": 0.4596038136626806,
      "only_triple_fusion": 0.4577415914515104,
      "triple_fusion": 0.44454571104286733,
      "best_baseline": 0.4596038136626806,
      "best_baseline_type": "RKHS",
      "only_vs_BayesB_pct": 0.8373635941801498,
      "only_vs_GBLUP_pct": 2.007135830517763,
      "only_vs_RKHS_pct": -0.40517988663535487,
      "triple_vs_BayesB_pct": -2.0695992327986525,
      "triple_vs_GBLUP_pct": -0.9335494608914913,
      "triple_vs_RKHS_pct": -3.2763223829262964,
      "triple_vs_best_baseline_pct": -3.2763223829262964,
      "triple_vs_only_triple_pct": -2.8828231157231263
    },
    {
      "dataset": "wheat406",
      "trait": "sl_e2",
      "no_prior_tabpfn": 0.3739104472507935,
      "BayesB": 0.4158682835930846,
      "GBLUP": 0.41006849769608744,
      "RKHS": 0.43671647198704866,
      "only_triple_fusion": 0.42472442976610186,
      "triple_fusion": 0.4207450573290286,
      "best_baseline": 0.43671647198704866,
      "best_baseline_type": "RKHS",
      "only_vs_BayesB_pct": 2.129555564204258,
      "only_vs_GBLUP_pct": 3.5740204752027354,
      "only_vs_RKHS_pct": -2.745956012692472,
      "triple_vs_BayesB_pct": 1.172672677466266,
      "triple_vs_GBLUP_pct": 2.6036039571256833,
      "triple_vs_RKHS_pct": -3.6571587477226406,
      "triple_vs_best_baseline_pct": -3.6571587477226406,
      "triple_vs_only_triple_pct": -0.9369304325782979
    }
  ],
  "summary": {
    "trait_count": 8,
    "no_prior_tabpfn": 0.5986440188359068,
    "BayesB": 0.6314165657631372,
    "GBLUP": 0.6208369496851841,
    "RKHS": 0.6271287182592665,
    "only_triple_fusion": 0.6325237293713835,
    "triple_fusion": 0.6351606874441442,
    "only_vs_BayesB_pct": 0.2915184010443074,
    "only_vs_GBLUP_pct": 2.0424531054899013,
    "only_vs_RKHS_pct": 0.6709090271694733,
    "triple_vs_BayesB_pct": 0.6315405959355612,
    "triple_vs_GBLUP_pct": 2.4057859990935704,
    "triple_vs_RKHS_pct": 1.0401103255593176,
    "triple_vs_best_baseline_pct": -0.1230287259790076,
    "triple_vs_only_triple_pct": 0.34956281356762
  }
}
